"Date","Country","Cases"
"2022-06-20","Andorra","1"
"2022-06-22","Andorra","1"
"2022-07-08","Andorra","1"
"2022-07-13","Andorra","1"
"2022-05-14","Austria","1"
"2022-05-16","Austria","1"
"2022-05-20","Austria","1"
"2022-05-29","Austria","1"
"2022-06-04","Austria","1"
"2022-06-09","Austria","2"
"2022-06-10","Austria","4"
"2022-06-11","Austria","2"
"2022-06-13","Austria","2"
"2022-06-14","Austria","4"
"2022-06-16","Austria","2"
"2022-06-17","Austria","1"
"2022-06-18","Austria","1"
"2022-06-19","Austria","1"
"2022-06-20","Austria","4"
"2022-06-21","Austria","2"
"2022-06-22","Austria","7"
"2022-06-23","Austria","3"
"2022-06-24","Austria","1"
"2022-06-25","Austria","2"
"2022-06-26","Austria","1"
"2022-06-27","Austria","4"
"2022-06-28","Austria","2"
"2022-06-29","Austria","1"
"2022-06-30","Austria","3"
"2022-07-01","Austria","5"
"2022-07-02","Austria","2"
"2022-07-04","Austria","7"
"2022-07-05","Austria","4"
"2022-07-06","Austria","7"
"2022-07-07","Austria","1"
"2022-07-08","Austria","3"
"2022-07-11","Austria","2"
"2022-07-12","Austria","2"
"2022-07-13","Austria","5"
"2022-07-14","Austria","4"
"2022-07-15","Austria","4"
"2022-07-16","Austria","3"
"2022-07-17","Austria","1"
"2022-07-18","Austria","6"
"2022-07-19","Austria","3"
"2022-07-20","Austria","3"
"2022-07-21","Austria","8"
"2022-07-22","Austria","3"
"2022-07-23","Austria","4"
"2022-07-24","Austria","2"
"2022-07-25","Austria","3"
"2022-07-26","Austria","2"
"2022-07-27","Austria","4"
"2022-07-28","Austria","3"
"2022-07-29","Austria","5"
"2022-07-31","Austria","3"
"2022-08-01","Austria","5"
"2022-08-02","Austria","7"
"2022-08-03","Austria","6"
"2022-08-04","Austria","12"
"2022-08-05","Austria","5"
"2022-08-06","Austria","2"
"2022-08-07","Austria","4"
"2022-08-08","Austria","3"
"2022-08-09","Austria","10"
"2022-08-10","Austria","6"
"2022-08-11","Austria","6"
"2022-08-12","Austria","4"
"2022-08-13","Austria","3"
"2022-08-14","Austria","2"
"2022-08-15","Austria","6"
"2022-08-16","Austria","3"
"2022-08-17","Austria","6"
"2022-08-18","Austria","4"
"2022-08-19","Austria","3"
"2022-08-20","Austria","1"
"2022-08-21","Austria","4"
"2022-08-22","Austria","2"
"2022-08-23","Austria","1"
"2022-08-24","Austria","3"
"2022-08-25","Austria","6"
"2022-08-26","Austria","1"
"2022-08-29","Austria","1"
"2022-08-30","Austria","1"
"2022-08-31","Austria","1"
"2022-09-01","Austria","3"
"2022-09-02","Austria","3"
"2022-09-05","Austria","1"
"2022-05-10","Belgium","1"
"2022-05-11","Belgium","1"
"2022-05-15","Belgium","1"
"2022-05-16","Belgium","1"
"2022-05-17","Belgium","1"
"2022-05-18","Belgium","3"
"2022-05-19","Belgium","1"
"2022-05-20","Belgium","2"
"2022-05-21","Belgium","2"
"2022-05-22","Belgium","1"
"2022-05-23","Belgium","1"
"2022-05-24","Belgium","5"
"2022-05-25","Belgium","4"
"2022-05-26","Belgium","1"
"2022-05-27","Belgium","2"
"2022-05-29","Belgium","3"
"2022-05-30","Belgium","6"
"2022-05-31","Belgium","3"
"2022-06-01","Belgium","2"
"2022-06-02","Belgium","2"
"2022-06-03","Belgium","1"
"2022-06-04","Belgium","4"
"2022-06-05","Belgium","3"
"2022-06-06","Belgium","1"
"2022-06-07","Belgium","6"
"2022-06-08","Belgium","6"
"2022-06-09","Belgium","5"
"2022-06-10","Belgium","6"
"2022-06-11","Belgium","7"
"2022-06-12","Belgium","3"
"2022-06-13","Belgium","12"
"2022-06-14","Belgium","5"
"2022-06-15","Belgium","14"
"2022-06-16","Belgium","6"
"2022-06-17","Belgium","4"
"2022-06-18","Belgium","10"
"2022-06-19","Belgium","9"
"2022-06-20","Belgium","6"
"2022-06-21","Belgium","10"
"2022-06-22","Belgium","9"
"2022-06-23","Belgium","7"
"2022-06-24","Belgium","4"
"2022-06-25","Belgium","8"
"2022-06-26","Belgium","5"
"2022-06-27","Belgium","13"
"2022-06-28","Belgium","9"
"2022-06-29","Belgium","9"
"2022-06-30","Belgium","6"
"2022-07-01","Belgium","11"
"2022-07-02","Belgium","8"
"2022-07-03","Belgium","10"
"2022-07-04","Belgium","17"
"2022-07-05","Belgium","12"
"2022-07-06","Belgium","15"
"2022-07-07","Belgium","11"
"2022-07-08","Belgium","16"
"2022-07-09","Belgium","8"
"2022-07-10","Belgium","8"
"2022-07-11","Belgium","15"
"2022-07-12","Belgium","11"
"2022-07-13","Belgium","14"
"2022-07-14","Belgium","12"
"2022-07-15","Belgium","14"
"2022-07-16","Belgium","7"
"2022-07-17","Belgium","10"
"2022-07-18","Belgium","20"
"2022-07-19","Belgium","9"
"2022-07-20","Belgium","10"
"2022-07-21","Belgium","12"
"2022-07-22","Belgium","12"
"2022-07-23","Belgium","8"
"2022-07-24","Belgium","6"
"2022-07-25","Belgium","13"
"2022-07-26","Belgium","9"
"2022-07-27","Belgium","18"
"2022-07-28","Belgium","10"
"2022-07-29","Belgium","11"
"2022-07-30","Belgium","13"
"2022-07-31","Belgium","12"
"2022-08-01","Belgium","11"
"2022-08-02","Belgium","5"
"2022-08-03","Belgium","10"
"2022-08-04","Belgium","6"
"2022-08-05","Belgium","8"
"2022-08-06","Belgium","6"
"2022-08-07","Belgium","5"
"2022-08-08","Belgium","4"
"2022-08-09","Belgium","6"
"2022-08-10","Belgium","10"
"2022-08-11","Belgium","11"
"2022-08-12","Belgium","4"
"2022-08-13","Belgium","2"
"2022-08-14","Belgium","2"
"2022-08-15","Belgium","4"
"2022-08-16","Belgium","5"
"2022-08-17","Belgium","9"
"2022-08-19","Belgium","4"
"2022-08-20","Belgium","2"
"2022-08-21","Belgium","4"
"2022-08-22","Belgium","6"
"2022-08-23","Belgium","4"
"2022-08-25","Belgium","2"
"2022-08-27","Belgium","1"
"2022-08-28","Belgium","1"
"2022-08-30","Belgium","1"
"2022-07-02","Bosnia and Herzegovina","1"
"2022-07-28","Bosnia and Herzegovina","1"
"2022-07-30","Bosnia and Herzegovina","1"
"2022-06-10","Bulgaria","1"
"2022-06-18","Bulgaria","1"
"2022-06-21","Bulgaria","1"
"2022-07-13","Bulgaria","1"
"2022-08-16","Bulgaria","1"
"2022-06-19","Croatia","1"
"2022-06-30","Croatia","1"
"2022-07-04","Croatia","1"
"2022-07-06","Croatia","1"
"2022-07-07","Croatia","2"
"2022-07-09","Croatia","1"
"2022-07-12","Croatia","3"
"2022-07-17","Croatia","1"
"2022-07-24","Croatia","1"
"2022-07-27","Croatia","1"
"2022-07-28","Croatia","1"
"2022-07-30","Croatia","1"
"2022-08-04","Croatia","3"
"2022-08-06","Croatia","1"
"2022-08-07","Croatia","1"
"2022-08-08","Croatia","1"
"2022-08-10","Croatia","2"
"2022-08-12","Croatia","1"
"2022-08-14","Croatia","1"
"2022-08-16","Croatia","1"
"2022-08-25","Croatia","1"
"2022-07-26","Cyprus","1"
"2022-07-27","Cyprus","1"
"2022-07-28","Cyprus","1"
"2022-08-15","Cyprus","1"
"2022-08-16","Cyprus","1"
"2022-04-22","Czechia","1"
"2022-05-09","Czechia","1"
"2022-05-10","Czechia","1"
"2022-05-18","Czechia","1"
"2022-05-22","Czechia","1"
"2022-05-25","Czechia","1"
"2022-06-03","Czechia","1"
"2022-06-11","Czechia","1"
"2022-06-19","Czechia","1"
"2022-06-21","Czechia","1"
"2022-06-23","Czechia","1"
"2022-06-25","Czechia","1"
"2022-07-01","Czechia","2"
"2022-07-04","Czechia","2"
"2022-07-07","Czechia","1"
"2022-07-08","Czechia","1"
"2022-07-09","Czechia","1"
"2022-07-14","Czechia","1"
"2022-07-16","Czechia","1"
"2022-07-18","Czechia","3"
"2022-07-19","Czechia","1"
"2022-07-21","Czechia","1"
"2022-07-22","Czechia","1"
"2022-07-23","Czechia","2"
"2022-07-24","Czechia","1"
"2022-07-25","Czechia","1"
"2022-07-30","Czechia","1"
"2022-07-31","Czechia","1"
"2022-08-01","Czechia","1"
"2022-08-02","Czechia","1"
"2022-08-03","Czechia","1"
"2022-08-04","Czechia","1"
"2022-08-07","Czechia","1"
"2022-08-08","Czechia","2"
"2022-08-09","Czechia","1"
"2022-08-14","Czechia","3"
"2022-08-16","Czechia","1"
"2022-08-18","Czechia","3"
"2022-08-19","Czechia","3"
"2022-08-20","Czechia","3"
"2022-08-23","Czechia","3"
"2022-08-25","Czechia","1"
"2022-05-16","Denmark","1"
"2022-05-19","Denmark","1"
"2022-05-29","Denmark","1"
"2022-05-30","Denmark","1"
"2022-06-02","Denmark","1"
"2022-06-09","Denmark","1"
"2022-06-10","Denmark","1"
"2022-06-11","Denmark","3"
"2022-06-12","Denmark","1"
"2022-06-13","Denmark","1"
"2022-06-14","Denmark","1"
"2022-06-16","Denmark","2"
"2022-06-20","Denmark","1"
"2022-06-22","Denmark","2"
"2022-06-24","Denmark","2"
"2022-06-25","Denmark","2"
"2022-06-26","Denmark","2"
"2022-06-27","Denmark","1"
"2022-06-30","Denmark","1"
"2022-07-01","Denmark","2"
"2022-07-02","Denmark","3"
"2022-07-05","Denmark","1"
"2022-07-06","Denmark","1"
"2022-07-07","Denmark","1"
"2022-07-08","Denmark","5"
"2022-07-10","Denmark","1"
"2022-07-11","Denmark","1"
"2022-07-12","Denmark","4"
"2022-07-14","Denmark","2"
"2022-07-15","Denmark","6"
"2022-07-16","Denmark","5"
"2022-07-17","Denmark","4"
"2022-07-18","Denmark","2"
"2022-07-19","Denmark","3"
"2022-07-20","Denmark","5"
"2022-07-21","Denmark","4"
"2022-07-22","Denmark","4"
"2022-07-23","Denmark","7"
"2022-07-24","Denmark","2"
"2022-07-25","Denmark","9"
"2022-07-26","Denmark","4"
"2022-07-27","Denmark","8"
"2022-07-28","Denmark","3"
"2022-07-29","Denmark","3"
"2022-07-30","Denmark","1"
"2022-07-31","Denmark","2"
"2022-08-01","Denmark","5"
"2022-08-02","Denmark","3"
"2022-08-03","Denmark","2"
"2022-08-04","Denmark","5"
"2022-08-05","Denmark","7"
"2022-08-06","Denmark","1"
"2022-08-07","Denmark","4"
"2022-08-08","Denmark","5"
"2022-08-09","Denmark","1"
"2022-08-10","Denmark","3"
"2022-08-11","Denmark","5"
"2022-08-12","Denmark","2"
"2022-08-13","Denmark","2"
"2022-08-14","Denmark","3"
"2022-08-15","Denmark","1"
"2022-08-16","Denmark","2"
"2022-08-18","Denmark","1"
"2022-08-19","Denmark","1"
"2022-08-22","Denmark","1"
"2022-08-23","Denmark","1"
"2022-08-24","Denmark","2"
"2022-08-26","Denmark","2"
"2022-06-16","Estonia","1"
"2022-06-25","Estonia","1"
"2022-07-07","Estonia","1"
"2022-07-10","Estonia","1"
"2022-07-13","Estonia","1"
"2022-07-21","Estonia","1"
"2022-07-22","Estonia","1"
"2022-07-23","Estonia","2"
"2022-08-18","Estonia","1"
"2022-05-15","Finland","1"
"2022-05-19","Finland","1"
"2022-06-01","Finland","1"
"2022-06-13","Finland","2"
"2022-06-21","Finland","1"
"2022-06-25","Finland","3"
"2022-06-26","Finland","1"
"2022-06-30","Finland","1"
"2022-07-02","Finland","2"
"2022-07-03","Finland","1"
"2022-07-04","Finland","1"
"2022-07-11","Finland","2"
"2022-07-13","Finland","1"
"2022-07-15","Finland","2"
"2022-07-20","Finland","1"
"2022-07-28","Finland","1"
"2022-07-31","Finland","1"
"2022-08-03","Finland","1"
"2022-05-07","France","1"
"2022-05-09","France","2"
"2022-05-11","France","2"
"2022-05-12","France","1"
"2022-05-13","France","1"
"2022-05-14","France","1"
"2022-05-16","France","2"
"2022-05-17","France","3"
"2022-05-18","France","8"
"2022-05-19","France","2"
"2022-05-20","France","5"
"2022-05-21","France","2"
"2022-05-22","France","10"
"2022-05-23","France","8"
"2022-05-24","France","8"
"2022-05-25","France","7"
"2022-05-26","France","6"
"2022-05-27","France","5"
"2022-05-28","France","7"
"2022-05-29","France","12"
"2022-05-30","France","6"
"2022-05-31","France","10"
"2022-06-01","France","16"
"2022-06-02","France","11"
"2022-06-03","France","17"
"2022-06-04","France","14"
"2022-06-05","France","17"
"2022-06-06","France","16"
"2022-06-07","France","22"
"2022-06-08","France","17"
"2022-06-09","France","25"
"2022-06-10","France","26"
"2022-06-11","France","23"
"2022-06-12","France","32"
"2022-06-13","France","42"
"2022-06-14","France","29"
"2022-06-15","France","41"
"2022-06-16","France","33"
"2022-06-17","France","36"
"2022-06-18","France","37"
"2022-06-19","France","35"
"2022-06-20","France","63"
"2022-06-21","France","73"
"2022-06-22","France","42"
"2022-06-23","France","51"
"2022-06-24","France","53"
"2022-06-25","France","42"
"2022-06-26","France","43"
"2022-06-27","France","67"
"2022-06-28","France","52"
"2022-06-29","France","51"
"2022-06-30","France","64"
"2022-07-01","France","73"
"2022-07-02","France","46"
"2022-07-03","France","52"
"2022-07-04","France","66"
"2022-07-05","France","66"
"2022-07-06","France","58"
"2022-07-07","France","76"
"2022-07-08","France","124"
"2022-07-09","France","35"
"2022-07-10","France","55"
"2022-07-11","France","70"
"2022-07-12","France","69"
"2022-07-13","France","76"
"2022-07-14","France","38"
"2022-07-15","France","69"
"2022-07-16","France","35"
"2022-07-17","France","35"
"2022-07-18","France","66"
"2022-07-19","France","58"
"2022-07-20","France","56"
"2022-07-21","France","41"
"2022-07-22","France","52"
"2022-07-23","France","21"
"2022-07-24","France","26"
"2022-07-25","France","74"
"2022-07-26","France","39"
"2022-07-27","France","48"
"2022-07-28","France","55"
"2022-07-29","France","75"
"2022-07-30","France","21"
"2022-07-31","France","23"
"2022-08-01","France","65"
"2022-08-02","France","44"
"2022-08-03","France","51"
"2022-08-04","France","50"
"2022-08-05","France","46"
"2022-08-06","France","13"
"2022-08-07","France","17"
"2022-08-08","France","38"
"2022-08-09","France","30"
"2022-08-10","France","63"
"2022-08-11","France","13"
"2022-08-12","France","38"
"2022-08-13","France","16"
"2022-08-14","France","15"
"2022-08-15","France","20"
"2022-08-16","France","24"
"2022-08-17","France","24"
"2022-08-18","France","39"
"2022-08-19","France","22"
"2022-08-20","France","7"
"2022-08-21","France","16"
"2022-08-22","France","10"
"2022-08-23","France","9"
"2022-08-24","France","25"
"2022-08-25","France","9"
"2022-08-26","France","10"
"2022-08-27","France","3"
"2022-08-28","France","2"
"2022-08-29","France","14"
"2022-08-30","France","10"
"2022-08-31","France","5"
"2022-05-29","Georgia","1"
"2022-07-27","Georgia","1"
"2022-05-02","Germany","1"
"2022-05-04","Germany","1"
"2022-05-09","Germany","1"
"2022-05-11","Germany","2"
"2022-05-13","Germany","4"
"2022-05-14","Germany","4"
"2022-05-15","Germany","3"
"2022-05-16","Germany","3"
"2022-05-17","Germany","5"
"2022-05-18","Germany","8"
"2022-05-19","Germany","7"
"2022-05-20","Germany","5"
"2022-05-21","Germany","6"
"2022-05-22","Germany","4"
"2022-05-23","Germany","5"
"2022-05-24","Germany","7"
"2022-05-25","Germany","22"
"2022-05-26","Germany","12"
"2022-05-27","Germany","9"
"2022-05-28","Germany","11"
"2022-05-29","Germany","12"
"2022-05-30","Germany","20"
"2022-05-31","Germany","12"
"2022-06-01","Germany","24"
"2022-06-02","Germany","30"
"2022-06-03","Germany","22"
"2022-06-04","Germany","31"
"2022-06-05","Germany","20"
"2022-06-06","Germany","46"
"2022-06-07","Germany","25"
"2022-06-08","Germany","49"
"2022-06-09","Germany","36"
"2022-06-10","Germany","43"
"2022-06-11","Germany","36"
"2022-06-12","Germany","45"
"2022-06-13","Germany","65"
"2022-06-14","Germany","51"
"2022-06-15","Germany","46"
"2022-06-16","Germany","36"
"2022-06-17","Germany","49"
"2022-06-18","Germany","40"
"2022-06-19","Germany","44"
"2022-06-20","Germany","69"
"2022-06-21","Germany","45"
"2022-06-22","Germany","48"
"2022-06-23","Germany","53"
"2022-06-24","Germany","60"
"2022-06-25","Germany","47"
"2022-06-26","Germany","42"
"2022-06-27","Germany","83"
"2022-06-28","Germany","41"
"2022-06-29","Germany","51"
"2022-06-30","Germany","52"
"2022-07-01","Germany","72"
"2022-07-02","Germany","52"
"2022-07-03","Germany","44"
"2022-07-04","Germany","93"
"2022-07-05","Germany","59"
"2022-07-06","Germany","60"
"2022-07-07","Germany","64"
"2022-07-08","Germany","70"
"2022-07-09","Germany","50"
"2022-07-10","Germany","54"
"2022-07-11","Germany","69"
"2022-07-12","Germany","63"
"2022-07-13","Germany","60"
"2022-07-14","Germany","48"
"2022-07-15","Germany","55"
"2022-07-16","Germany","36"
"2022-07-17","Germany","32"
"2022-07-18","Germany","64"
"2022-07-19","Germany","48"
"2022-07-20","Germany","49"
"2022-07-21","Germany","40"
"2022-07-22","Germany","32"
"2022-07-23","Germany","31"
"2022-07-24","Germany","22"
"2022-07-25","Germany","47"
"2022-07-26","Germany","39"
"2022-07-27","Germany","32"
"2022-07-28","Germany","34"
"2022-07-29","Germany","37"
"2022-07-30","Germany","24"
"2022-07-31","Germany","19"
"2022-08-01","Germany","49"
"2022-08-02","Germany","35"
"2022-08-03","Germany","28"
"2022-08-04","Germany","34"
"2022-08-05","Germany","19"
"2022-08-06","Germany","21"
"2022-08-07","Germany","11"
"2022-08-08","Germany","38"
"2022-08-09","Germany","21"
"2022-08-10","Germany","21"
"2022-08-11","Germany","14"
"2022-08-12","Germany","22"
"2022-08-13","Germany","14"
"2022-08-14","Germany","9"
"2022-08-15","Germany","23"
"2022-08-16","Germany","17"
"2022-08-17","Germany","16"
"2022-08-18","Germany","12"
"2022-08-19","Germany","13"
"2022-08-20","Germany","9"
"2022-08-21","Germany","8"
"2022-08-22","Germany","19"
"2022-08-23","Germany","6"
"2022-08-24","Germany","10"
"2022-08-25","Germany","9"
"2022-08-26","Germany","9"
"2022-08-27","Germany","3"
"2022-08-28","Germany","2"
"2022-08-29","Germany","9"
"2022-08-30","Germany","3"
"2022-08-31","Germany","3"
"2022-09-01","Germany","4"
"2022-09-02","Germany","2"
"2022-06-02","Greece","1"
"2022-06-07","Greece","1"
"2022-06-08","Greece","1"
"2022-06-17","Greece","2"
"2022-06-20","Greece","1"
"2022-06-22","Greece","1"
"2022-06-23","Greece","1"
"2022-06-27","Greece","2"
"2022-06-28","Greece","2"
"2022-07-01","Greece","1"
"2022-07-03","Greece","1"
"2022-07-04","Greece","1"
"2022-07-10","Greece","2"
"2022-07-11","Greece","2"
"2022-07-13","Greece","2"
"2022-07-15","Greece","5"
"2022-07-16","Greece","1"
"2022-07-17","Greece","1"
"2022-07-19","Greece","2"
"2022-07-20","Greece","2"
"2022-07-21","Greece","1"
"2022-07-22","Greece","3"
"2022-07-25","Greece","1"
"2022-07-26","Greece","1"
"2022-07-27","Greece","1"
"2022-07-28","Greece","2"
"2022-07-29","Greece","2"
"2022-07-31","Greece","2"
"2022-08-01","Greece","1"
"2022-08-02","Greece","1"
"2022-08-03","Greece","2"
"2022-08-04","Greece","1"
"2022-08-06","Greece","1"
"2022-08-11","Greece","1"
"2022-08-12","Greece","1"
"2022-08-13","Greece","1"
"2022-08-14","Greece","1"
"2022-08-16","Greece","1"
"2022-08-21","Greece","1"
"2022-08-22","Greece","1"
"2022-08-23","Greece","1"
"2022-08-26","Greece","1"
"2022-08-27","Greece","1"
"2022-09-02","Greece","1"
"2022-05-26","Hungary","1"
"2022-05-27","Hungary","1"
"2022-05-29","Hungary","1"
"2022-06-04","Hungary","1"
"2022-06-05","Hungary","1"
"2022-06-07","Hungary","2"
"2022-06-08","Hungary","1"
"2022-06-13","Hungary","1"
"2022-06-14","Hungary","2"
"2022-06-18","Hungary","1"
"2022-06-19","Hungary","1"
"2022-06-20","Hungary","3"
"2022-06-21","Hungary","1"
"2022-06-22","Hungary","1"
"2022-06-23","Hungary","2"
"2022-06-24","Hungary","1"
"2022-06-25","Hungary","2"
"2022-06-26","Hungary","3"
"2022-06-27","Hungary","1"
"2022-06-29","Hungary","1"
"2022-07-03","Hungary","1"
"2022-07-04","Hungary","2"
"2022-07-08","Hungary","1"
"2022-07-09","Hungary","3"
"2022-07-15","Hungary","1"
"2022-07-16","Hungary","1"
"2022-07-17","Hungary","1"
"2022-07-18","Hungary","1"
"2022-07-20","Hungary","3"
"2022-07-21","Hungary","1"
"2022-07-22","Hungary","1"
"2022-07-25","Hungary","2"
"2022-07-27","Hungary","2"
"2022-07-28","Hungary","1"
"2022-07-29","Hungary","2"
"2022-07-30","Hungary","2"
"2022-07-31","Hungary","1"
"2022-08-01","Hungary","1"
"2022-08-02","Hungary","3"
"2022-08-05","Hungary","2"
"2022-08-06","Hungary","3"
"2022-08-07","Hungary","1"
"2022-08-11","Hungary","1"
"2022-08-13","Hungary","1"
"2022-08-16","Hungary","1"
"2022-08-17","Hungary","1"
"2022-08-19","Hungary","1"
"2022-08-21","Hungary","1"
"2022-08-25","Hungary","1"
"2022-06-13","Iceland","2"
"2022-06-15","Iceland","1"
"2022-06-28","Iceland","1"
"2022-07-01","Iceland","1"
"2022-07-05","Iceland","1"
"2022-07-08","Iceland","1"
"2022-07-16","Iceland","2"
"2022-07-27","Iceland","1"
"2022-07-30","Iceland","1"
"2022-08-11","Iceland","1"
"2022-05-16","Ireland","1"
"2022-05-20","Ireland","1"
"2022-05-21","Ireland","1"
"2022-05-24","Ireland","1"
"2022-05-25","Ireland","1"
"2022-05-27","Ireland","3"
"2022-05-29","Ireland","2"
"2022-05-30","Ireland","1"
"2022-06-03","Ireland","1"
"2022-06-04","Ireland","2"
"2022-06-06","Ireland","3"
"2022-06-08","Ireland","3"
"2022-06-09","Ireland","3"
"2022-06-10","Ireland","1"
"2022-06-11","Ireland","3"
"2022-06-13","Ireland","1"
"2022-06-14","Ireland","2"
"2022-06-15","Ireland","3"
"2022-06-16","Ireland","2"
"2022-06-17","Ireland","1"
"2022-06-19","Ireland","2"
"2022-06-21","Ireland","1"
"2022-06-23","Ireland","1"
"2022-06-24","Ireland","2"
"2022-06-25","Ireland","1"
"2022-06-27","Ireland","2"
"2022-06-28","Ireland","4"
"2022-06-29","Ireland","5"
"2022-06-30","Ireland","1"
"2022-07-01","Ireland","2"
"2022-07-03","Ireland","1"
"2022-07-04","Ireland","3"
"2022-07-06","Ireland","3"
"2022-07-07","Ireland","1"
"2022-07-08","Ireland","2"
"2022-07-10","Ireland","2"
"2022-07-11","Ireland","3"
"2022-07-12","Ireland","2"
"2022-07-13","Ireland","4"
"2022-07-14","Ireland","3"
"2022-07-15","Ireland","2"
"2022-07-16","Ireland","3"
"2022-07-18","Ireland","2"
"2022-07-19","Ireland","2"
"2022-07-20","Ireland","2"
"2022-07-23","Ireland","2"
"2022-07-24","Ireland","1"
"2022-07-25","Ireland","1"
"2022-07-26","Ireland","1"
"2022-07-27","Ireland","1"
"2022-07-28","Ireland","1"
"2022-07-31","Ireland","1"
"2022-08-01","Ireland","1"
"2022-08-02","Ireland","2"
"2022-08-04","Ireland","3"
"2022-08-05","Ireland","5"
"2022-08-06","Ireland","4"
"2022-08-07","Ireland","1"
"2022-08-08","Ireland","2"
"2022-08-09","Ireland","1"
"2022-08-10","Ireland","4"
"2022-08-11","Ireland","4"
"2022-08-12","Ireland","2"
"2022-08-13","Ireland","1"
"2022-08-15","Ireland","2"
"2022-08-16","Ireland","2"
"2022-08-17","Ireland","4"
"2022-08-19","Ireland","4"
"2022-08-22","Ireland","2"
"2022-08-23","Ireland","2"
"2022-08-24","Ireland","1"
"2022-08-25","Ireland","2"
"2022-08-26","Ireland","2"
"2022-08-29","Ireland","2"
"2022-08-30","Ireland","1"
"2022-08-31","Ireland","1"
"2022-09-01","Ireland","3"
"2022-09-02","Ireland","2"
"2022-05-16","Israel","1"
"2022-05-26","Israel","1"
"2022-06-01","Israel","1"
"2022-06-06","Israel","1"
"2022-06-09","Israel","1"
"2022-06-10","Israel","1"
"2022-06-13","Israel","2"
"2022-06-14","Israel","2"
"2022-06-15","Israel","1"
"2022-06-16","Israel","1"
"2022-06-17","Israel","3"
"2022-06-18","Israel","1"
"2022-06-19","Israel","2"
"2022-06-26","Israel","2"
"2022-07-01","Israel","3"
"2022-07-02","Israel","2"
"2022-07-03","Israel","4"
"2022-07-04","Israel","2"
"2022-07-05","Israel","3"
"2022-07-06","Israel","3"
"2022-07-07","Israel","4"
"2022-07-08","Israel","5"
"2022-07-09","Israel","3"
"2022-07-10","Israel","7"
"2022-07-11","Israel","5"
"2022-07-12","Israel","5"
"2022-07-13","Israel","4"
"2022-07-14","Israel","6"
"2022-07-15","Israel","4"
"2022-07-16","Israel","4"
"2022-07-17","Israel","7"
"2022-07-18","Israel","5"
"2022-07-19","Israel","7"
"2022-07-20","Israel","4"
"2022-07-21","Israel","4"
"2022-07-22","Israel","9"
"2022-07-23","Israel","5"
"2022-07-24","Israel","8"
"2022-07-25","Israel","6"
"2022-07-26","Israel","4"
"2022-07-27","Israel","7"
"2022-07-28","Israel","6"
"2022-07-29","Israel","4"
"2022-07-30","Israel","3"
"2022-07-31","Israel","1"
"2022-08-01","Israel","4"
"2022-08-02","Israel","2"
"2022-08-03","Israel","1"
"2022-08-04","Israel","4"
"2022-08-05","Israel","3"
"2022-08-06","Israel","1"
"2022-08-07","Israel","4"
"2022-08-08","Israel","3"
"2022-08-09","Israel","3"
"2022-08-10","Israel","1"
"2022-08-11","Israel","8"
"2022-08-12","Israel","7"
"2022-08-13","Israel","1"
"2022-08-14","Israel","4"
"2022-08-15","Israel","4"
"2022-08-16","Israel","2"
"2022-08-17","Israel","1"
"2022-08-18","Israel","4"
"2022-08-20","Israel","1"
"2022-08-21","Israel","4"
"2022-08-22","Israel","2"
"2022-08-24","Israel","2"
"2022-04-03","Italy","1"
"2022-05-09","Italy","1"
"2022-05-13","Italy","1"
"2022-05-15","Italy","4"
"2022-05-16","Italy","2"
"2022-05-17","Italy","1"
"2022-05-18","Italy","1"
"2022-05-19","Italy","2"
"2022-05-20","Italy","3"
"2022-05-21","Italy","2"
"2022-05-22","Italy","2"
"2022-05-23","Italy","1"
"2022-05-24","Italy","2"
"2022-05-27","Italy","1"
"2022-05-28","Italy","1"
"2022-05-29","Italy","2"
"2022-05-30","Italy","5"
"2022-05-31","Italy","1"
"2022-06-01","Italy","5"
"2022-06-02","Italy","4"
"2022-06-03","Italy","7"
"2022-06-04","Italy","4"
"2022-06-05","Italy","2"
"2022-06-06","Italy","3"
"2022-06-07","Italy","8"
"2022-06-08","Italy","8"
"2022-06-09","Italy","2"
"2022-06-10","Italy","12"
"2022-06-11","Italy","6"
"2022-06-12","Italy","13"
"2022-06-13","Italy","11"
"2022-06-14","Italy","15"
"2022-06-15","Italy","9"
"2022-06-16","Italy","11"
"2022-06-17","Italy","12"
"2022-06-18","Italy","7"
"2022-06-19","Italy","13"
"2022-06-20","Italy","13"
"2022-06-21","Italy","15"
"2022-06-22","Italy","10"
"2022-06-23","Italy","6"
"2022-06-24","Italy","11"
"2022-06-25","Italy","5"
"2022-06-26","Italy","6"
"2022-06-27","Italy","14"
"2022-06-28","Italy","11"
"2022-06-29","Italy","6"
"2022-06-30","Italy","4"
"2022-07-01","Italy","13"
"2022-07-02","Italy","14"
"2022-07-03","Italy","12"
"2022-07-04","Italy","21"
"2022-07-05","Italy","9"
"2022-07-06","Italy","6"
"2022-07-07","Italy","12"
"2022-07-08","Italy","9"
"2022-07-09","Italy","7"
"2022-07-10","Italy","14"
"2022-07-11","Italy","9"
"2022-07-12","Italy","12"
"2022-07-13","Italy","17"
"2022-07-14","Italy","12"
"2022-07-15","Italy","6"
"2022-07-16","Italy","8"
"2022-07-17","Italy","12"
"2022-07-18","Italy","18"
"2022-07-19","Italy","16"
"2022-07-20","Italy","18"
"2022-07-21","Italy","9"
"2022-07-22","Italy","9"
"2022-07-23","Italy","7"
"2022-07-24","Italy","10"
"2022-07-25","Italy","18"
"2022-07-26","Italy","9"
"2022-07-27","Italy","13"
"2022-07-28","Italy","6"
"2022-07-29","Italy","7"
"2022-07-30","Italy","12"
"2022-07-31","Italy","3"
"2022-08-01","Italy","9"
"2022-08-02","Italy","10"
"2022-08-03","Italy","16"
"2022-08-04","Italy","2"
"2022-08-05","Italy","7"
"2022-08-06","Italy","4"
"2022-08-07","Italy","3"
"2022-08-08","Italy","8"
"2022-08-09","Italy","5"
"2022-08-10","Italy","11"
"2022-08-11","Italy","5"
"2022-08-12","Italy","5"
"2022-08-13","Italy","4"
"2022-08-14","Italy","5"
"2022-08-15","Italy","7"
"2022-08-16","Italy","9"
"2022-08-17","Italy","5"
"2022-08-18","Italy","3"
"2022-08-19","Italy","4"
"2022-08-20","Italy","3"
"2022-08-21","Italy","5"
"2022-08-22","Italy","3"
"2022-08-23","Italy","4"
"2022-08-24","Italy","5"
"2022-08-25","Italy","3"
"2022-08-26","Italy","3"
"2022-08-28","Italy","1"
"2022-08-29","Italy","2"
"2022-08-31","Italy","2"
"2022-05-24","Latvia","1"
"2022-06-02","Latvia","1"
"2022-08-02","Latvia","1"
"2022-07-26","Lithuania","1"
"2022-07-28","Lithuania","1"
"2022-07-30","Lithuania","1"
"2022-08-01","Lithuania","1"
"2022-08-02","Lithuania","1"
"2022-06-05","Luxembourg","1"
"2022-06-19","Luxembourg","1"
"2022-06-20","Luxembourg","1"
"2022-06-27","Luxembourg","2"
"2022-06-30","Luxembourg","1"
"2022-07-04","Luxembourg","2"
"2022-07-05","Luxembourg","1"
"2022-07-06","Luxembourg","1"
"2022-07-07","Luxembourg","2"
"2022-07-12","Luxembourg","1"
"2022-07-13","Luxembourg","1"
"2022-07-14","Luxembourg","1"
"2022-07-15","Luxembourg","1"
"2022-07-17","Luxembourg","3"
"2022-07-18","Luxembourg","1"
"2022-07-19","Luxembourg","1"
"2022-07-20","Luxembourg","1"
"2022-07-21","Luxembourg","1"
"2022-07-22","Luxembourg","4"
"2022-07-23","Luxembourg","1"
"2022-07-24","Luxembourg","2"
"2022-07-25","Luxembourg","1"
"2022-07-26","Luxembourg","2"
"2022-07-29","Luxembourg","1"
"2022-07-31","Luxembourg","2"
"2022-08-01","Luxembourg","3"
"2022-08-02","Luxembourg","1"
"2022-08-03","Luxembourg","1"
"2022-08-04","Luxembourg","2"
"2022-08-07","Luxembourg","1"
"2022-08-10","Luxembourg","1"
"2022-08-11","Luxembourg","1"
"2022-08-12","Luxembourg","3"
"2022-08-16","Luxembourg","1"
"2022-08-17","Luxembourg","1"
"2022-08-19","Luxembourg","1"
"2022-08-20","Luxembourg","1"
"2022-05-15","Malta","1"
"2022-05-21","Malta","1"
"2022-06-07","Malta","1"
"2022-06-12","Malta","1"
"2022-06-14","Malta","1"
"2022-06-16","Malta","1"
"2022-06-21","Malta","2"
"2022-06-22","Malta","2"
"2022-06-23","Malta","1"
"2022-06-25","Malta","1"
"2022-06-26","Malta","1"
"2022-06-28","Malta","1"
"2022-07-05","Malta","1"
"2022-07-06","Malta","1"
"2022-07-07","Malta","1"
"2022-07-09","Malta","2"
"2022-07-10","Malta","2"
"2022-07-16","Malta","2"
"2022-07-22","Malta","1"
"2022-07-28","Malta","1"
"2022-07-30","Malta","1"
"2022-07-31","Malta","2"
"2022-08-01","Malta","2"
"2022-08-11","Malta","1"
"2022-08-12","Malta","1"
"2022-08-18","Malta","1"
"2022-04-27","Netherlands","1"
"2022-04-30","Netherlands","1"
"2022-05-01","Netherlands","1"
"2022-05-02","Netherlands","1"
"2022-05-12","Netherlands","1"
"2022-05-14","Netherlands","1"
"2022-05-15","Netherlands","2"
"2022-05-16","Netherlands","6"
"2022-05-17","Netherlands","4"
"2022-05-18","Netherlands","3"
"2022-05-19","Netherlands","1"
"2022-05-20","Netherlands","5"
"2022-05-21","Netherlands","7"
"2022-05-22","Netherlands","1"
"2022-05-24","Netherlands","2"
"2022-05-25","Netherlands","6"
"2022-05-26","Netherlands","2"
"2022-05-27","Netherlands","3"
"2022-05-28","Netherlands","8"
"2022-05-29","Netherlands","8"
"2022-05-30","Netherlands","3"
"2022-05-31","Netherlands","3"
"2022-06-01","Netherlands","6"
"2022-06-02","Netherlands","5"
"2022-06-03","Netherlands","10"
"2022-06-04","Netherlands","4"
"2022-06-05","Netherlands","9"
"2022-06-06","Netherlands","7"
"2022-06-07","Netherlands","9"
"2022-06-08","Netherlands","11"
"2022-06-09","Netherlands","14"
"2022-06-10","Netherlands","6"
"2022-06-11","Netherlands","5"
"2022-06-12","Netherlands","19"
"2022-06-13","Netherlands","11"
"2022-06-14","Netherlands","15"
"2022-06-15","Netherlands","10"
"2022-06-16","Netherlands","12"
"2022-06-17","Netherlands","14"
"2022-06-18","Netherlands","16"
"2022-06-19","Netherlands","13"
"2022-06-20","Netherlands","33"
"2022-06-21","Netherlands","17"
"2022-06-22","Netherlands","22"
"2022-06-23","Netherlands","14"
"2022-06-24","Netherlands","14"
"2022-06-25","Netherlands","24"
"2022-06-26","Netherlands","12"
"2022-06-27","Netherlands","20"
"2022-06-28","Netherlands","16"
"2022-06-29","Netherlands","25"
"2022-06-30","Netherlands","24"
"2022-07-01","Netherlands","25"
"2022-07-02","Netherlands","16"
"2022-07-03","Netherlands","17"
"2022-07-04","Netherlands","23"
"2022-07-05","Netherlands","19"
"2022-07-06","Netherlands","26"
"2022-07-07","Netherlands","26"
"2022-07-08","Netherlands","32"
"2022-07-09","Netherlands","20"
"2022-07-10","Netherlands","26"
"2022-07-11","Netherlands","24"
"2022-07-12","Netherlands","19"
"2022-07-13","Netherlands","21"
"2022-07-14","Netherlands","20"
"2022-07-15","Netherlands","26"
"2022-07-16","Netherlands","18"
"2022-07-17","Netherlands","13"
"2022-07-18","Netherlands","21"
"2022-07-19","Netherlands","14"
"2022-07-20","Netherlands","17"
"2022-07-21","Netherlands","10"
"2022-07-22","Netherlands","12"
"2022-07-23","Netherlands","12"
"2022-07-24","Netherlands","10"
"2022-07-25","Netherlands","23"
"2022-07-26","Netherlands","9"
"2022-07-27","Netherlands","6"
"2022-07-28","Netherlands","11"
"2022-07-29","Netherlands","8"
"2022-07-30","Netherlands","8"
"2022-07-31","Netherlands","5"
"2022-08-01","Netherlands","12"
"2022-08-02","Netherlands","13"
"2022-08-03","Netherlands","3"
"2022-08-04","Netherlands","4"
"2022-08-05","Netherlands","7"
"2022-08-06","Netherlands","7"
"2022-08-07","Netherlands","11"
"2022-08-08","Netherlands","7"
"2022-08-09","Netherlands","10"
"2022-08-10","Netherlands","11"
"2022-08-11","Netherlands","2"
"2022-08-12","Netherlands","6"
"2022-08-13","Netherlands","7"
"2022-08-14","Netherlands","7"
"2022-08-15","Netherlands","10"
"2022-08-16","Netherlands","5"
"2022-08-17","Netherlands","1"
"2022-08-18","Netherlands","3"
"2022-08-19","Netherlands","3"
"2022-08-20","Netherlands","3"
"2022-08-21","Netherlands","3"
"2022-08-22","Netherlands","6"
"2022-08-23","Netherlands","3"
"2022-08-24","Netherlands","4"
"2022-05-23","Norway","1"
"2022-05-29","Norway","2"
"2022-05-30","Norway","1"
"2022-06-04","Norway","1"
"2022-06-10","Norway","1"
"2022-06-11","Norway","1"
"2022-06-12","Norway","1"
"2022-06-13","Norway","1"
"2022-06-17","Norway","2"
"2022-06-18","Norway","4"
"2022-06-19","Norway","1"
"2022-06-20","Norway","3"
"2022-06-22","Norway","2"
"2022-06-24","Norway","1"
"2022-06-27","Norway","2"
"2022-06-30","Norway","1"
"2022-07-01","Norway","3"
"2022-07-02","Norway","3"
"2022-07-03","Norway","1"
"2022-07-04","Norway","2"
"2022-07-06","Norway","4"
"2022-07-07","Norway","1"
"2022-07-09","Norway","1"
"2022-07-10","Norway","2"
"2022-07-11","Norway","2"
"2022-07-12","Norway","1"
"2022-07-15","Norway","2"
"2022-07-16","Norway","2"
"2022-07-18","Norway","1"
"2022-07-20","Norway","2"
"2022-07-21","Norway","2"
"2022-07-24","Norway","2"
"2022-07-25","Norway","2"
"2022-07-26","Norway","1"
"2022-07-27","Norway","1"
"2022-07-28","Norway","3"
"2022-07-29","Norway","1"
"2022-07-30","Norway","1"
"2022-07-31","Norway","1"
"2022-08-01","Norway","1"
"2022-08-02","Norway","2"
"2022-08-04","Norway","1"
"2022-08-06","Norway","1"
"2022-08-08","Norway","1"
"2022-08-11","Norway","1"
"2022-08-12","Norway","2"
"2022-08-13","Norway","1"
"2022-08-16","Norway","2"
"2022-08-19","Norway","2"
"2022-08-22","Norway","1"
"2022-08-24","Norway","1"
"2022-05-16","Poland","1"
"2022-05-18","Poland","1"
"2022-05-31","Poland","2"
"2022-06-03","Poland","2"
"2022-06-04","Poland","1"
"2022-06-08","Poland","1"
"2022-06-09","Poland","1"
"2022-06-13","Poland","1"
"2022-06-15","Poland","1"
"2022-06-23","Poland","1"
"2022-06-25","Poland","1"
"2022-06-27","Poland","3"
"2022-06-28","Poland","1"
"2022-06-29","Poland","3"
"2022-06-30","Poland","2"
"2022-07-01","Poland","5"
"2022-07-02","Poland","1"
"2022-07-04","Poland","5"
"2022-07-05","Poland","1"
"2022-07-06","Poland","4"
"2022-07-07","Poland","2"
"2022-07-09","Poland","4"
"2022-07-11","Poland","3"
"2022-07-12","Poland","5"
"2022-07-13","Poland","2"
"2022-07-15","Poland","3"
"2022-07-16","Poland","1"
"2022-07-17","Poland","2"
"2022-07-18","Poland","2"
"2022-07-19","Poland","1"
"2022-07-20","Poland","3"
"2022-07-21","Poland","6"
"2022-07-22","Poland","3"
"2022-07-23","Poland","4"
"2022-07-25","Poland","3"
"2022-07-26","Poland","3"
"2022-07-28","Poland","2"
"2022-07-29","Poland","3"
"2022-07-30","Poland","6"
"2022-07-31","Poland","2"
"2022-08-01","Poland","5"
"2022-08-02","Poland","2"
"2022-08-03","Poland","5"
"2022-08-04","Poland","1"
"2022-08-05","Poland","2"
"2022-08-06","Poland","1"
"2022-08-07","Poland","1"
"2022-08-08","Poland","3"
"2022-08-09","Poland","2"
"2022-08-11","Poland","1"
"2022-08-12","Poland","4"
"2022-08-13","Poland","1"
"2022-08-14","Poland","2"
"2022-08-15","Poland","1"
"2022-08-16","Poland","1"
"2022-08-18","Poland","1"
"2022-08-19","Poland","1"
"2022-08-20","Poland","2"
"2022-08-21","Poland","1"
"2022-08-22","Poland","4"
"2022-08-23","Poland","3"
"2022-08-24","Poland","2"
"2022-08-26","Poland","1"
"2022-04-22","Portugal","1"
"2022-04-29","Portugal","2"
"2022-05-01","Portugal","1"
"2022-05-04","Portugal","2"
"2022-05-05","Portugal","2"
"2022-05-07","Portugal","6"
"2022-05-08","Portugal","2"
"2022-05-09","Portugal","3"
"2022-05-10","Portugal","5"
"2022-05-11","Portugal","2"
"2022-05-12","Portugal","6"
"2022-05-13","Portugal","1"
"2022-05-14","Portugal","4"
"2022-05-15","Portugal","2"
"2022-05-16","Portugal","4"
"2022-05-17","Portugal","5"
"2022-05-18","Portugal","8"
"2022-05-19","Portugal","8"
"2022-05-20","Portugal","14"
"2022-05-21","Portugal","6"
"2022-05-22","Portugal","4"
"2022-05-23","Portugal","13"
"2022-05-24","Portugal","13"
"2022-05-25","Portugal","6"
"2022-05-26","Portugal","7"
"2022-05-27","Portugal","12"
"2022-05-28","Portugal","8"
"2022-05-29","Portugal","7"
"2022-05-30","Portugal","12"
"2022-05-31","Portugal","12"
"2022-06-01","Portugal","11"
"2022-06-02","Portugal","12"
"2022-06-03","Portugal","5"
"2022-06-04","Portugal","4"
"2022-06-05","Portugal","10"
"2022-06-06","Portugal","8"
"2022-06-07","Portugal","14"
"2022-06-08","Portugal","12"
"2022-06-09","Portugal","6"
"2022-06-10","Portugal","7"
"2022-06-11","Portugal","9"
"2022-06-12","Portugal","5"
"2022-06-13","Portugal","8"
"2022-06-14","Portugal","6"
"2022-06-15","Portugal","18"
"2022-06-16","Portugal","10"
"2022-06-17","Portugal","5"
"2022-06-18","Portugal","14"
"2022-06-19","Portugal","8"
"2022-06-20","Portugal","6"
"2022-06-21","Portugal","4"
"2022-06-22","Portugal","11"
"2022-06-23","Portugal","5"
"2022-06-24","Portugal","7"
"2022-06-25","Portugal","5"
"2022-06-26","Portugal","4"
"2022-06-27","Portugal","11"
"2022-06-28","Portugal","14"
"2022-06-29","Portugal","5"
"2022-06-30","Portugal","4"
"2022-07-01","Portugal","10"
"2022-07-02","Portugal","6"
"2022-07-03","Portugal","16"
"2022-07-04","Portugal","7"
"2022-07-05","Portugal","8"
"2022-07-06","Portugal","9"
"2022-07-07","Portugal","12"
"2022-07-08","Portugal","17"
"2022-07-09","Portugal","11"
"2022-07-10","Portugal","7"
"2022-07-11","Portugal","6"
"2022-07-12","Portugal","9"
"2022-07-13","Portugal","2"
"2022-07-14","Portugal","4"
"2022-07-15","Portugal","8"
"2022-07-16","Portugal","4"
"2022-07-17","Portugal","8"
"2022-07-18","Portugal","7"
"2022-07-19","Portugal","8"
"2022-07-20","Portugal","7"
"2022-07-21","Portugal","8"
"2022-07-22","Portugal","6"
"2022-07-23","Portugal","5"
"2022-07-24","Portugal","7"
"2022-07-25","Portugal","19"
"2022-07-26","Portugal","9"
"2022-07-27","Portugal","11"
"2022-07-28","Portugal","10"
"2022-07-29","Portugal","8"
"2022-07-30","Portugal","4"
"2022-07-31","Portugal","8"
"2022-08-01","Portugal","8"
"2022-08-02","Portugal","9"
"2022-08-03","Portugal","11"
"2022-08-04","Portugal","3"
"2022-08-05","Portugal","9"
"2022-08-06","Portugal","4"
"2022-08-07","Portugal","2"
"2022-08-08","Portugal","8"
"2022-08-09","Portugal","9"
"2022-08-10","Portugal","7"
"2022-08-11","Portugal","2"
"2022-08-12","Portugal","4"
"2022-08-13","Portugal","2"
"2022-08-14","Portugal","8"
"2022-08-15","Portugal","3"
"2022-08-16","Portugal","3"
"2022-08-17","Portugal","1"
"2022-08-18","Portugal","2"
"2022-08-19","Portugal","3"
"2022-08-20","Portugal","1"
"2022-08-21","Portugal","2"
"2022-08-25","Portugal","1"
"2022-08-06","Republic of Moldova","1"
"2022-08-08","Republic of Moldova","1"
"2022-06-02","Romania","1"
"2022-06-09","Romania","2"
"2022-06-12","Romania","1"
"2022-06-15","Romania","1"
"2022-06-17","Romania","1"
"2022-06-20","Romania","1"
"2022-06-21","Romania","2"
"2022-06-22","Romania","1"
"2022-06-23","Romania","1"
"2022-06-24","Romania","1"
"2022-06-27","Romania","2"
"2022-06-30","Romania","2"
"2022-07-07","Romania","1"
"2022-07-08","Romania","1"
"2022-07-10","Romania","1"
"2022-07-15","Romania","1"
"2022-07-23","Romania","2"
"2022-07-26","Romania","1"
"2022-07-28","Romania","4"
"2022-07-29","Romania","1"
"2022-07-31","Romania","1"
"2022-08-02","Romania","1"
"2022-08-03","Romania","1"
"2022-08-04","Romania","1"
"2022-08-08","Romania","1"
"2022-08-13","Romania","1"
"2022-08-14","Romania","1"
"2022-08-21","Romania","1"
"2022-06-23","Slovakia","1"
"2022-07-04","Slovakia","1"
"2022-07-12","Slovakia","1"
"2022-07-13","Slovakia","1"
"2022-07-19","Slovakia","1"
"2022-07-20","Slovakia","1"
"2022-07-21","Slovakia","1"
"2022-07-22","Slovakia","1"
"2022-07-25","Slovakia","1"
"2022-07-26","Slovakia","1"
"2022-08-03","Slovakia","1"
"2022-08-09","Slovakia","1"
"2022-05-18","Slovenia","1"
"2022-05-19","Slovenia","1"
"2022-05-23","Slovenia","1"
"2022-05-26","Slovenia","1"
"2022-05-29","Slovenia","1"
"2022-06-02","Slovenia","1"
"2022-06-07","Slovenia","1"
"2022-06-17","Slovenia","1"
"2022-06-19","Slovenia","1"
"2022-06-20","Slovenia","1"
"2022-06-25","Slovenia","1"
"2022-06-27","Slovenia","1"
"2022-06-28","Slovenia","1"
"2022-06-29","Slovenia","2"
"2022-07-02","Slovenia","3"
"2022-07-04","Slovenia","2"
"2022-07-06","Slovenia","2"
"2022-07-08","Slovenia","1"
"2022-07-09","Slovenia","1"
"2022-07-12","Slovenia","1"
"2022-07-14","Slovenia","2"
"2022-07-16","Slovenia","2"
"2022-07-17","Slovenia","1"
"2022-07-18","Slovenia","1"
"2022-07-20","Slovenia","2"
"2022-07-21","Slovenia","1"
"2022-07-22","Slovenia","1"
"2022-07-25","Slovenia","1"
"2022-07-26","Slovenia","3"
"2022-07-31","Slovenia","1"
"2022-08-04","Slovenia","2"
"2022-08-08","Slovenia","1"
"2022-08-22","Slovenia","1"
"2022-08-24","Slovenia","1"
"2022-04-26","Spain","1"
"2022-04-27","Spain","1"
"2022-05-01","Spain","1"
"2022-05-02","Spain","4"
"2022-05-03","Spain","4"
"2022-05-04","Spain","2"
"2022-05-05","Spain","2"
"2022-05-06","Spain","5"
"2022-05-07","Spain","2"
"2022-05-08","Spain","2"
"2022-05-09","Spain","6"
"2022-05-10","Spain","7"
"2022-05-11","Spain","7"
"2022-05-12","Spain","10"
"2022-05-13","Spain","7"
"2022-05-14","Spain","4"
"2022-05-15","Spain","11"
"2022-05-16","Spain","13"
"2022-05-17","Spain","10"
"2022-05-18","Spain","9"
"2022-05-19","Spain","20"
"2022-05-20","Spain","12"
"2022-05-21","Spain","16"
"2022-05-22","Spain","20"
"2022-05-23","Spain","17"
"2022-05-24","Spain","12"
"2022-05-25","Spain","26"
"2022-05-26","Spain","10"
"2022-05-27","Spain","15"
"2022-05-28","Spain","17"
"2022-05-29","Spain","13"
"2022-05-30","Spain","26"
"2022-05-31","Spain","34"
"2022-06-01","Spain","50"
"2022-06-02","Spain","32"
"2022-06-03","Spain","42"
"2022-06-04","Spain","26"
"2022-06-05","Spain","35"
"2022-06-06","Spain","42"
"2022-06-07","Spain","45"
"2022-06-08","Spain","44"
"2022-06-09","Spain","46"
"2022-06-10","Spain","54"
"2022-06-11","Spain","51"
"2022-06-12","Spain","62"
"2022-06-13","Spain","81"
"2022-06-14","Spain","46"
"2022-06-15","Spain","61"
"2022-06-16","Spain","68"
"2022-06-17","Spain","79"
"2022-06-18","Spain","71"
"2022-06-19","Spain","75"
"2022-06-20","Spain","98"
"2022-06-21","Spain","87"
"2022-06-22","Spain","80"
"2022-06-23","Spain","83"
"2022-06-24","Spain","92"
"2022-06-25","Spain","83"
"2022-06-26","Spain","86"
"2022-06-27","Spain","108"
"2022-06-28","Spain","103"
"2022-06-29","Spain","87"
"2022-06-30","Spain","100"
"2022-07-01","Spain","107"
"2022-07-02","Spain","82"
"2022-07-03","Spain","84"
"2022-07-04","Spain","131"
"2022-07-05","Spain","125"
"2022-07-06","Spain","112"
"2022-07-07","Spain","131"
"2022-07-08","Spain","104"
"2022-07-09","Spain","95"
"2022-07-10","Spain","106"
"2022-07-11","Spain","129"
"2022-07-12","Spain","136"
"2022-07-13","Spain","98"
"2022-07-14","Spain","113"
"2022-07-15","Spain","124"
"2022-07-16","Spain","103"
"2022-07-17","Spain","83"
"2022-07-18","Spain","139"
"2022-07-19","Spain","114"
"2022-07-20","Spain","128"
"2022-07-21","Spain","93"
"2022-07-22","Spain","113"
"2022-07-23","Spain","98"
"2022-07-24","Spain","92"
"2022-07-25","Spain","117"
"2022-07-26","Spain","80"
"2022-07-27","Spain","90"
"2022-07-28","Spain","91"
"2022-07-29","Spain","67"
"2022-07-30","Spain","61"
"2022-07-31","Spain","67"
"2022-08-01","Spain","110"
"2022-08-02","Spain","91"
"2022-08-03","Spain","81"
"2022-08-04","Spain","54"
"2022-08-05","Spain","57"
"2022-08-06","Spain","46"
"2022-08-07","Spain","56"
"2022-08-08","Spain","63"
"2022-08-09","Spain","48"
"2022-08-10","Spain","55"
"2022-08-11","Spain","46"
"2022-08-12","Spain","47"
"2022-08-13","Spain","36"
"2022-08-14","Spain","39"
"2022-08-15","Spain","39"
"2022-08-16","Spain","41"
"2022-08-17","Spain","29"
"2022-08-18","Spain","33"
"2022-08-19","Spain","34"
"2022-08-20","Spain","24"
"2022-08-21","Spain","22"
"2022-08-22","Spain","35"
"2022-08-23","Spain","15"
"2022-08-24","Spain","24"
"2022-08-25","Spain","20"
"2022-08-26","Spain","5"
"2022-08-27","Spain","6"
"2022-08-28","Spain","5"
"2022-08-29","Spain","4"
"2022-08-30","Spain","5"
"2022-08-31","Spain","1"
"2022-09-01","Spain","1"
"2022-09-02","Spain","1"
"2022-05-05","Sweden","1"
"2022-05-12","Sweden","1"
"2022-05-14","Sweden","1"
"2022-05-17","Sweden","1"
"2022-05-24","Sweden","1"
"2022-05-27","Sweden","2"
"2022-05-29","Sweden","1"
"2022-06-02","Sweden","2"
"2022-06-03","Sweden","1"
"2022-06-07","Sweden","1"
"2022-06-12","Sweden","2"
"2022-06-13","Sweden","1"
"2022-06-14","Sweden","2"
"2022-06-16","Sweden","1"
"2022-06-17","Sweden","3"
"2022-06-18","Sweden","2"
"2022-06-19","Sweden","1"
"2022-06-20","Sweden","2"
"2022-06-21","Sweden","1"
"2022-06-23","Sweden","3"
"2022-06-24","Sweden","1"
"2022-06-25","Sweden","2"
"2022-06-26","Sweden","1"
"2022-06-28","Sweden","2"
"2022-06-29","Sweden","5"
"2022-06-30","Sweden","3"
"2022-07-01","Sweden","2"
"2022-07-02","Sweden","4"
"2022-07-03","Sweden","2"
"2022-07-04","Sweden","1"
"2022-07-05","Sweden","2"
"2022-07-06","Sweden","2"
"2022-07-07","Sweden","1"
"2022-07-08","Sweden","4"
"2022-07-09","Sweden","4"
"2022-07-10","Sweden","6"
"2022-07-11","Sweden","2"
"2022-07-12","Sweden","1"
"2022-07-13","Sweden","3"
"2022-07-14","Sweden","1"
"2022-07-15","Sweden","3"
"2022-07-16","Sweden","3"
"2022-07-18","Sweden","3"
"2022-07-19","Sweden","1"
"2022-07-20","Sweden","3"
"2022-07-21","Sweden","4"
"2022-07-22","Sweden","4"
"2022-07-23","Sweden","2"
"2022-07-24","Sweden","1"
"2022-07-25","Sweden","3"
"2022-07-26","Sweden","2"
"2022-07-27","Sweden","3"
"2022-07-28","Sweden","2"
"2022-07-29","Sweden","3"
"2022-07-30","Sweden","2"
"2022-07-31","Sweden","3"
"2022-08-01","Sweden","2"
"2022-08-02","Sweden","2"
"2022-08-03","Sweden","1"
"2022-08-04","Sweden","2"
"2022-08-05","Sweden","1"
"2022-08-06","Sweden","2"
"2022-08-07","Sweden","3"
"2022-08-09","Sweden","4"
"2022-08-11","Sweden","4"
"2022-08-12","Sweden","4"
"2022-08-13","Sweden","1"
"2022-08-14","Sweden","2"
"2022-08-15","Sweden","3"
"2022-08-16","Sweden","2"
"2022-08-18","Sweden","1"
"2022-08-19","Sweden","1"
"2022-08-21","Sweden","1"
"2022-08-22","Sweden","1"
"2022-08-23","Sweden","2"
"2022-08-25","Sweden","1"
"2022-08-26","Sweden","1"
"2022-08-27","Sweden","1"
"2022-08-30","Sweden","1"
"2022-08-31","Sweden","1"
"2022-05-19","Switzerland","1"
"2022-05-24","Switzerland","2"
"2022-05-25","Switzerland","1"
"2022-05-27","Switzerland","1"
"2022-05-29","Switzerland","1"
"2022-06-01","Switzerland","1"
"2022-06-02","Switzerland","2"
"2022-06-03","Switzerland","1"
"2022-06-04","Switzerland","1"
"2022-06-05","Switzerland","1"
"2022-06-07","Switzerland","2"
"2022-06-08","Switzerland","2"
"2022-06-09","Switzerland","1"
"2022-06-10","Switzerland","1"
"2022-06-12","Switzerland","3"
"2022-06-13","Switzerland","5"
"2022-06-14","Switzerland","5"
"2022-06-15","Switzerland","4"
"2022-06-16","Switzerland","3"
"2022-06-17","Switzerland","5"
"2022-06-18","Switzerland","3"
"2022-06-20","Switzerland","4"
"2022-06-21","Switzerland","3"
"2022-06-22","Switzerland","2"
"2022-06-23","Switzerland","7"
"2022-06-24","Switzerland","6"
"2022-06-25","Switzerland","1"
"2022-06-26","Switzerland","5"
"2022-06-27","Switzerland","6"
"2022-06-28","Switzerland","7"
"2022-06-29","Switzerland","5"
"2022-06-30","Switzerland","9"
"2022-07-01","Switzerland","11"
"2022-07-02","Switzerland","5"
"2022-07-03","Switzerland","3"
"2022-07-04","Switzerland","6"
"2022-07-05","Switzerland","8"
"2022-07-06","Switzerland","4"
"2022-07-07","Switzerland","8"
"2022-07-08","Switzerland","9"
"2022-07-09","Switzerland","4"
"2022-07-10","Switzerland","7"
"2022-07-11","Switzerland","12"
"2022-07-12","Switzerland","10"
"2022-07-13","Switzerland","10"
"2022-07-14","Switzerland","9"
"2022-07-15","Switzerland","5"
"2022-07-16","Switzerland","7"
"2022-07-17","Switzerland","6"
"2022-07-18","Switzerland","7"
"2022-07-19","Switzerland","5"
"2022-07-20","Switzerland","3"
"2022-07-21","Switzerland","8"
"2022-07-22","Switzerland","9"
"2022-07-23","Switzerland","11"
"2022-07-24","Switzerland","7"
"2022-07-25","Switzerland","14"
"2022-07-26","Switzerland","3"
"2022-07-27","Switzerland","8"
"2022-07-28","Switzerland","9"
"2022-07-29","Switzerland","4"
"2022-07-30","Switzerland","4"
"2022-07-31","Switzerland","9"
"2022-08-01","Switzerland","9"
"2022-08-02","Switzerland","9"
"2022-08-03","Switzerland","4"
"2022-08-04","Switzerland","4"
"2022-08-05","Switzerland","6"
"2022-08-06","Switzerland","5"
"2022-08-07","Switzerland","6"
"2022-08-08","Switzerland","10"
"2022-08-09","Switzerland","5"
"2022-08-10","Switzerland","7"
"2022-08-11","Switzerland","6"
"2022-08-12","Switzerland","6"
"2022-08-13","Switzerland","4"
"2022-08-14","Switzerland","4"
"2022-08-15","Switzerland","8"
"2022-08-16","Switzerland","3"
"2022-08-17","Switzerland","4"
"2022-08-18","Switzerland","6"
"2022-08-19","Switzerland","8"
"2022-08-20","Switzerland","5"
"2022-08-21","Switzerland","5"
"2022-08-22","Switzerland","6"
"2022-08-23","Switzerland","6"
"2022-08-24","Switzerland","4"
"2022-08-25","Switzerland","2"
"2022-08-26","Switzerland","2"
"2022-08-27","Switzerland","2"
"2022-08-29","Switzerland","1"
"2022-08-30","Switzerland","2"
"2022-08-31","Switzerland","1"
"2022-09-01","Switzerland","1"
"2022-09-02","Switzerland","2"
"2022-09-03","Switzerland","1"
"2022-03-07","United Kingdom","1"
"2022-04-17","United Kingdom","1"
"2022-04-22","United Kingdom","1"
"2022-04-23","United Kingdom","1"
"2022-04-24","United Kingdom","2"
"2022-04-25","United Kingdom","1"
"2022-04-29","United Kingdom","3"
"2022-04-30","United Kingdom","3"
"2022-05-01","United Kingdom","2"
"2022-05-02","United Kingdom","8"
"2022-05-04","United Kingdom","4"
"2022-05-05","United Kingdom","6"
"2022-05-06","United Kingdom","2"
"2022-05-07","United Kingdom","6"
"2022-05-08","United Kingdom","3"
"2022-05-09","United Kingdom","10"
"2022-05-10","United Kingdom","6"
"2022-05-11","United Kingdom","6"
"2022-05-12","United Kingdom","7"
"2022-05-13","United Kingdom","10"
"2022-05-14","United Kingdom","13"
"2022-05-15","United Kingdom","13"
"2022-05-16","United Kingdom","17"
"2022-05-17","United Kingdom","16"
"2022-05-18","United Kingdom","14"
"2022-05-19","United Kingdom","15"
"2022-05-20","United Kingdom","17"
"2022-05-21","United Kingdom","16"
"2022-05-22","United Kingdom","13"
"2022-05-23","United Kingdom","24"
"2022-05-24","United Kingdom","22"
"2022-05-25","United Kingdom","18"
"2022-05-26","United Kingdom","16"
"2022-05-27","United Kingdom","14"
"2022-05-28","United Kingdom","19"
"2022-05-29","United Kingdom","16"
"2022-05-30","United Kingdom","22"
"2022-05-31","United Kingdom","20"
"2022-06-01","United Kingdom","32"
"2022-06-02","United Kingdom","28"
"2022-06-03","United Kingdom","21"
"2022-06-04","United Kingdom","22"
"2022-06-05","United Kingdom","33"
"2022-06-06","United Kingdom","51"
"2022-06-07","United Kingdom","46"
"2022-06-08","United Kingdom","22"
"2022-06-09","United Kingdom","34"
"2022-06-10","United Kingdom","40"
"2022-06-11","United Kingdom","46"
"2022-06-12","United Kingdom","32"
"2022-06-13","United Kingdom","63"
"2022-06-14","United Kingdom","48"
"2022-06-15","United Kingdom","43"
"2022-06-16","United Kingdom","26"
"2022-06-17","United Kingdom","63"
"2022-06-18","United Kingdom","43"
"2022-06-19","United Kingdom","24"
"2022-06-20","United Kingdom","57"
"2022-06-21","United Kingdom","49"
"2022-06-22","United Kingdom","41"
"2022-06-23","United Kingdom","35"
"2022-06-24","United Kingdom","70"
"2022-06-25","United Kingdom","33"
"2022-06-26","United Kingdom","31"
"2022-06-27","United Kingdom","59"
"2022-06-28","United Kingdom","56"
"2022-06-29","United Kingdom","53"
"2022-06-30","United Kingdom","51"
"2022-07-01","United Kingdom","72"
"2022-07-02","United Kingdom","46"
"2022-07-03","United Kingdom","26"
"2022-07-04","United Kingdom","55"
"2022-07-05","United Kingdom","49"
"2022-07-06","United Kingdom","51"
"2022-07-07","United Kingdom","51"
"2022-07-08","United Kingdom","52"
"2022-07-09","United Kingdom","27"
"2022-07-10","United Kingdom","22"
"2022-07-11","United Kingdom","54"
"2022-07-12","United Kingdom","51"
"2022-07-13","United Kingdom","47"
"2022-07-14","United Kingdom","43"
"2022-07-15","United Kingdom","52"
"2022-07-16","United Kingdom","39"
"2022-07-17","United Kingdom","27"
"2022-07-18","United Kingdom","52"
"2022-07-19","United Kingdom","62"
"2022-07-20","United Kingdom","40"
"2022-07-21","United Kingdom","48"
"2022-07-22","United Kingdom","41"
"2022-07-23","United Kingdom","23"
"2022-07-24","United Kingdom","17"
"2022-07-25","United Kingdom","42"
"2022-07-26","United Kingdom","44"
"2022-07-27","United Kingdom","42"
"2022-07-28","United Kingdom","43"
"2022-07-29","United Kingdom","40"
"2022-07-30","United Kingdom","30"
"2022-07-31","United Kingdom","14"
"2022-08-01","United Kingdom","36"
"2022-08-02","United Kingdom","34"
"2022-08-03","United Kingdom","30"
"2022-08-04","United Kingdom","25"
"2022-08-05","United Kingdom","32"
"2022-08-06","United Kingdom","18"
"2022-08-07","United Kingdom","12"
"2022-08-08","United Kingdom","27"
"2022-08-09","United Kingdom","20"
"2022-08-10","United Kingdom","20"
"2022-08-11","United Kingdom","17"
"2022-08-12","United Kingdom","16"
"2022-08-13","United Kingdom","13"
"2022-08-14","United Kingdom","6"
"2022-08-15","United Kingdom","26"
"2022-08-16","United Kingdom","21"
"2022-08-17","United Kingdom","14"
"2022-08-18","United Kingdom","13"
"2022-08-19","United Kingdom","13"
"2022-08-20","United Kingdom","7"
"2022-08-21","United Kingdom","5"
"2022-08-22","United Kingdom","10"
"2022-08-23","United Kingdom","13"
"2022-08-24","United Kingdom","11"
"2022-08-25","United Kingdom","9"
"2022-08-26","United Kingdom","14"
"2022-08-27","United Kingdom","4"
"2022-08-28","United Kingdom","3"
"2022-08-29","United Kingdom","1"
"2022-08-30","United Kingdom","8"
"2022-08-31","United Kingdom","7"
"2022-09-01","United Kingdom","11"
"2022-09-02","United Kingdom","1"
"2022-09-03","United Kingdom","1"